LANDSDEL;STORKREDS;PARTI;STEMMESEDDELNAVN
Hovedstaden;Københavns Storkreds;A;Halima El Abassi
Hovedstaden;Københavns Storkreds;A;Ida Auken
Hovedstaden;Københavns Storkreds;A;Jarl Feyling
Hovedstaden;Københavns Storkreds;A;Jørgen Mørup Pedersen
Hovedstaden;Københavns Storkreds;A;Lars Aslan Rasmussen
Hovedstaden;Københavns Storkreds;A;Lars Werge
Hovedstaden;Københavns Storkreds;A;Lone Larsen
Hovedstaden;Københavns Storkreds;A;Mette Reissmann
Hovedstaden;Københavns Storkreds;A;Nikoline Prehn
Hovedstaden;Københavns Storkreds;A;Pernille Rosenkrantz-Theil
Hovedstaden;Københavns Storkreds;A;Peter Hummelgaard
Hovedstaden;Københavns Storkreds;A;Yildiz Akdogan
Hovedstaden;Københavns Storkreds;B;Anders Højsted
Hovedstaden;Københavns Storkreds;B;Carolina Magdalene Maier
Hovedstaden;Københavns Storkreds;B;Clara Halvorsen
Hovedstaden;Københavns Storkreds;B;Emilie Normann
Hovedstaden;Københavns Storkreds;B;Jes Vissing Tiedemann
Hovedstaden;Københavns Storkreds;B;Klaus Bondam
Hovedstaden;Københavns Storkreds;B;Marie Kampmann
Hovedstaden;Københavns Storkreds;B;Michael Rachlin
Hovedstaden;Københavns Storkreds;B;Peter Zinckernagel
Hovedstaden;Københavns Storkreds;B;Ruben Kidde
Hovedstaden;Københavns Storkreds;B;Samira Nawa
Hovedstaden;Københavns Storkreds;B;Thomas Rohden
Hovedstaden;Københavns Storkreds;C;Allan Beier
Hovedstaden;Københavns Storkreds;C;Anders Havelund Krøyer
Hovedstaden;Københavns Storkreds;C;Casper Øhlers
Hovedstaden;Københavns Storkreds;C;Helle Bonnesen
Hovedstaden;Københavns Storkreds;C;Helle Jønch
Hovedstaden;Københavns Storkreds;C;Katarina Ammitzbøll
Hovedstaden;Københavns Storkreds;C;Laura Lindahl
Hovedstaden;Københavns Storkreds;C;Martin Wood Pedersen
Hovedstaden;Københavns Storkreds;C;Nicola Emily Larsen
Hovedstaden;Københavns Storkreds;C;Nikolaj Bøgh
Hovedstaden;Københavns Storkreds;C;Peter Stakemann
Hovedstaden;Københavns Storkreds;C;Rico Djernis
Hovedstaden;Københavns Storkreds;D;Daniel Pinderup
Hovedstaden;Københavns Storkreds;D;Denise Rostgaard
Hovedstaden;Københavns Storkreds;D;Henrik Ræder Clausen
Hovedstaden;Københavns Storkreds;D;Ketil Wathne Rasmussen
Hovedstaden;Københavns Storkreds;D;Niels Peder Ravn
Hovedstaden;Københavns Storkreds;F;Andreas Bæk
Hovedstaden;Københavns Storkreds;F;Balder Mørk Andersen
Hovedstaden;Københavns Storkreds;F;Carl Valentin
Hovedstaden;Københavns Storkreds;F;Cecilie Louise Balbay Holdt
Hovedstaden;Københavns Storkreds;F;Halime Oguz
Hovedstaden;Københavns Storkreds;F;Klaus Mygind
Hovedstaden;Københavns Storkreds;F;Line Petersen
Hovedstaden;Københavns Storkreds;F;Lisbeth Bech-Nielsen
Hovedstaden;Københavns Storkreds;F;Melissa Skovgaard Jensen
Hovedstaden;Københavns Storkreds;F;Peder Holk Svendsen
Hovedstaden;Københavns Storkreds;F;Pia Olsen Dyhr
Hovedstaden;Københavns Storkreds;F;Sadek Al-Amood
Hovedstaden;Københavns Storkreds;I;Alexander Ryle
Hovedstaden;Københavns Storkreds;I;Charlotte Nellemann
Hovedstaden;Københavns Storkreds;I;Christian Riegels Hjorth
Hovedstaden;Københavns Storkreds;I;Claus Willén
Hovedstaden;Københavns Storkreds;I;Hira Nadeem
Hovedstaden;Københavns Storkreds;I;Joanne Bywater
Hovedstaden;Københavns Storkreds;I;Martin Sibast Laugesen
Hovedstaden;Københavns Storkreds;I;Ole Birk Olesen
Hovedstaden;Københavns Storkreds;I;Per Nørgaard Andersen
Hovedstaden;Københavns Storkreds;K;Gunnar Bjørn Thomsen
Hovedstaden;Københavns Storkreds;K;Jacob Bang
Hovedstaden;Københavns Storkreds;K;Jesper Housgaard
Hovedstaden;Københavns Storkreds;K;Nanna Bock
Hovedstaden;Københavns Storkreds;K;Tina Mørk
Hovedstaden;Københavns Storkreds;M;Ellen Emilie
Hovedstaden;Københavns Storkreds;M;Johan Kahl
Hovedstaden;Københavns Storkreds;M;Jon Stephensen
Hovedstaden;Københavns Storkreds;M;Jørgen Kjøller
Hovedstaden;Københavns Storkreds;M;Lars Philipsen Prahm
Hovedstaden;Københavns Storkreds;M;Lean Milo
Hovedstaden;Københavns Storkreds;M;Louise Davidsen
Hovedstaden;Københavns Storkreds;M;Marina Andersen
Hovedstaden;Københavns Storkreds;M;Nanna W. Gotfredsen
Hovedstaden;Københavns Storkreds;O;Brian Bruun
Hovedstaden;Københavns Storkreds;O;Helene Brix
Hovedstaden;Københavns Storkreds;O;Jannie Bøgh
Hovedstaden;Københavns Storkreds;O;John Bo Hansen
Hovedstaden;Københavns Storkreds;O;Kenneth Kristensen Berth
Hovedstaden;Københavns Storkreds;O;Paw Karslund
Hovedstaden;Københavns Storkreds;Q;Daniel Tomicic
Hovedstaden;Københavns Storkreds;Q;Elena Bjerregaard Ryan
Hovedstaden;Københavns Storkreds;Q;Elise Bjerkrheim
Hovedstaden;Københavns Storkreds;Q;Iben Kirstine Parmann
Hovedstaden;Københavns Storkreds;Q;Rajesh Holmen
Hovedstaden;Københavns Storkreds;Q;Rashid Ali
Hovedstaden;Københavns Storkreds;Q;Sazan Garmiyani
Hovedstaden;Københavns Storkreds;Q;Sikandar Siddique
Hovedstaden;Københavns Storkreds;Uden for partier;Flemming Blicher
Hovedstaden;Københavns Storkreds;Uden for partier;Tom Gillesberg
Hovedstaden;Københavns Storkreds;V;Alexandra Sasha
Hovedstaden;Københavns Storkreds;V;Anders Fausbøll
Hovedstaden;Københavns Storkreds;V;Anne Rasmussen
Hovedstaden;Københavns Storkreds;V;Bo Sandroos
Hovedstaden;Københavns Storkreds;V;Claus Buch
Hovedstaden;Københavns Storkreds;V;Jan E. Jørgensen
Hovedstaden;Københavns Storkreds;V;Linea Søgaard-Lidell
Hovedstaden;Københavns Storkreds;V;Martin Geertsen
Hovedstaden;Københavns Storkreds;V;Michael Lange
Hovedstaden;Københavns Storkreds;V;René Bredal
Hovedstaden;Københavns Storkreds;V;Sven Aage Schlosrich
Hovedstaden;Københavns Storkreds;V;Søren Sørensen
Hovedstaden;Københavns Storkreds;Æ;Claus Gisselmann
Hovedstaden;Københavns Storkreds;Æ;Therese Skaarup
Hovedstaden;Københavns Storkreds;Ø;Anna Berg
Hovedstaden;Københavns Storkreds;Ø;Clara Turms
Hovedstaden;Københavns Storkreds;Ø;David Rønne
Hovedstaden;Københavns Storkreds;Ø;Dorthe Hecht
Hovedstaden;Københavns Storkreds;Ø;Emil Samaras
Hovedstaden;Københavns Storkreds;Ø;Ibrahim Benli
Hovedstaden;Københavns Storkreds;Ø;Jette Gottlieb
Hovedstaden;Københavns Storkreds;Ø;Leila Stockmarr
Hovedstaden;Københavns Storkreds;Ø;Louis Jacobsen
Hovedstaden;Københavns Storkreds;Ø;Mette Bloch Hansen
Hovedstaden;Københavns Storkreds;Ø;Pelle Dragsted
Hovedstaden;Københavns Storkreds;Ø;Rosa Lund
Hovedstaden;Københavns Storkreds;Å;Annika Martins
Hovedstaden;Københavns Storkreds;Å;Birgitte Kehler Holst
Hovedstaden;Københavns Storkreds;Å;Carsten Olesen
Hovedstaden;Københavns Storkreds;Å;Christina Olumeko
Hovedstaden;Københavns Storkreds;Å;Franciska Rosenkilde
Hovedstaden;Københavns Storkreds;Å;Jan Kristoffersen
Hovedstaden;Københavns Storkreds;Å;Jan Schumann
Hovedstaden;Københavns Storkreds;Å;Jonathan Ries
Hovedstaden;Københavns Storkreds;Å;Kim Hjerrild
Hovedstaden;Københavns Storkreds;Å;Lars Corvinius Olesen
Hovedstaden;Københavns Storkreds;Å;Mette Bram
Hovedstaden;Københavns Storkreds;Å;Noah Sturis
Hovedstaden;Københavns Storkreds;Å;Troels Chr. Jakobsen
Hovedstaden;Københavns Omegns Storkreds;A;Gunvor Wibroe
Hovedstaden;Københavns Omegns Storkreds;A;Jeppe Bruus
Hovedstaden;Københavns Omegns Storkreds;A;Kasper Sand Kjær
Hovedstaden;Københavns Omegns Storkreds;A;Maria Durhuus
Hovedstaden;Københavns Omegns Storkreds;A;Maria Gudme
Hovedstaden;Københavns Omegns Storkreds;A;Mattias Tesfaye
Hovedstaden;Københavns Omegns Storkreds;A;Morten Bødskov
Hovedstaden;Københavns Omegns Storkreds;A;Sebastian Schwartz
Hovedstaden;Københavns Omegns Storkreds;B;Abbas Razvi
Hovedstaden;Københavns Omegns Storkreds;B;Brian Køster
Hovedstaden;Københavns Omegns Storkreds;B;Christina Rittig Falkberg
Hovedstaden;Københavns Omegns Storkreds;B;Esat Sentürk
Hovedstaden;Københavns Omegns Storkreds;B;Hediye Temiz
Hovedstaden;Københavns Omegns Storkreds;B;Kashif Ahmad
Hovedstaden;Københavns Omegns Storkreds;B;Sofie Carsten Nielsen
Hovedstaden;Københavns Omegns Storkreds;B;Stinus Lindgreen
Hovedstaden;Københavns Omegns Storkreds;C;Britt Bager
Hovedstaden;Københavns Omegns Storkreds;C;Hanne Bjørn
Hovedstaden;Københavns Omegns Storkreds;C;Henrik Sørensen
Hovedstaden;Københavns Omegns Storkreds;C;Magnus Von Dreiager
Hovedstaden;Københavns Omegns Storkreds;C;Merete Scheelsbeck
Hovedstaden;Københavns Omegns Storkreds;C;Michael R. Rugaard
Hovedstaden;Københavns Omegns Storkreds;C;Rasmus Jarlov
Hovedstaden;Københavns Omegns Storkreds;C;Tina Cartey Hansen
Hovedstaden;Københavns Omegns Storkreds;D;Alberte Rasmussen
Hovedstaden;Københavns Omegns Storkreds;D;Claus Bøgh Svenningsen
Hovedstaden;Københavns Omegns Storkreds;D;Thomas Bentsen
Hovedstaden;Københavns Omegns Storkreds;D;Ulla Kokfelt
Hovedstaden;Københavns Omegns Storkreds;F;Alexander Bruhn Skjøth
Hovedstaden;Københavns Omegns Storkreds;F;Niels Haxthausen
Hovedstaden;Københavns Omegns Storkreds;F;Rasmus Henriksen
Hovedstaden;Københavns Omegns Storkreds;F;Serdal Benli
Hovedstaden;Københavns Omegns Storkreds;F;Sigurd Agersnap
Hovedstaden;Københavns Omegns Storkreds;F;Sofie F. Villadsen
Hovedstaden;Københavns Omegns Storkreds;F;Troels Stru Schmidt
Hovedstaden;Københavns Omegns Storkreds;F;Vivi Nør Jacobsen
Hovedstaden;Københavns Omegns Storkreds;I;Danny Malkowski
Hovedstaden;Københavns Omegns Storkreds;I;David Ibsen
Hovedstaden;Københavns Omegns Storkreds;I;Jørgen Juhl
Hovedstaden;Københavns Omegns Storkreds;I;Louise Siv Ebbesen
Hovedstaden;Københavns Omegns Storkreds;I;Peter Loft
Hovedstaden;Københavns Omegns Storkreds;I;Simon Karim Helledie
Hovedstaden;Københavns Omegns Storkreds;I;Steffen Larsen
Hovedstaden;Københavns Omegns Storkreds;I;Søren Schmidt-Andersen
Hovedstaden;Københavns Omegns Storkreds;K;Bolette von Westphal
Hovedstaden;Københavns Omegns Storkreds;K;Elif Demir Gökce
Hovedstaden;Københavns Omegns Storkreds;K;Esben Frette Johnsen
Hovedstaden;Københavns Omegns Storkreds;K;Johnnie V. Gregersen
Hovedstaden;Københavns Omegns Storkreds;M;Ammar Ali
Hovedstaden;Københavns Omegns Storkreds;M;Anastasia Valentin Rasmussen
Hovedstaden;Københavns Omegns Storkreds;M;Lars Arne Christensen
Hovedstaden;Københavns Omegns Storkreds;M;Monika Rubin
Hovedstaden;Københavns Omegns Storkreds;M;Rasmus Lund-Nielsen
Hovedstaden;Københavns Omegns Storkreds;M;Rasmus Skindbjerg Hinrichs
Hovedstaden;Københavns Omegns Storkreds;O;Cecilie Winther Kristensen
Hovedstaden;Københavns Omegns Storkreds;O;Lars Prier
Hovedstaden;Københavns Omegns Storkreds;O;Michael Jensen
Hovedstaden;Københavns Omegns Storkreds;O;Michael Pihl
Hovedstaden;Københavns Omegns Storkreds;O;Mikkel Dencker
Hovedstaden;Københavns Omegns Storkreds;O;Morten Messerschmidt
Hovedstaden;Københavns Omegns Storkreds;O;Rita Rahbek Russell
Hovedstaden;Københavns Omegns Storkreds;O;Susanne Damsgaard
Hovedstaden;Københavns Omegns Storkreds;Q;Aqeel Akhtar
Hovedstaden;Københavns Omegns Storkreds;Q;Asham Agha Nadeem
Hovedstaden;Københavns Omegns Storkreds;Q;Nour El Zeftawy
Hovedstaden;Københavns Omegns Storkreds;Q;Sabrina Raaschou Brammer
Hovedstaden;Københavns Omegns Storkreds;Uden for partier;Henrik Vendelbo Petersen
Hovedstaden;Københavns Omegns Storkreds;Uden for partier;Jovan Tasevski
Hovedstaden;Københavns Omegns Storkreds;V;Anders Bo Larsen
Hovedstaden;Københavns Omegns Storkreds;V;Astrid Søborg
Hovedstaden;Københavns Omegns Storkreds;V;Casper Pedersen
Hovedstaden;Københavns Omegns Storkreds;V;Karen Ellemann
Hovedstaden;Københavns Omegns Storkreds;V;Kim Valentin
Hovedstaden;Københavns Omegns Storkreds;V;Lennart Hartmann Nielsen
Hovedstaden;Københavns Omegns Storkreds;V;Mathias Rinaldo
Hovedstaden;Københavns Omegns Storkreds;V;Ricki Vejsmose
Hovedstaden;Københavns Omegns Storkreds;Æ;Charlotte Munch
Hovedstaden;Københavns Omegns Storkreds;Æ;Mette Qwinten
Hovedstaden;Københavns Omegns Storkreds;Æ;Michael Rosenmark
Hovedstaden;Københavns Omegns Storkreds;Ø;Helge Bo Jensen
Hovedstaden;Københavns Omegns Storkreds;Ø;Mathilde Vinther
Hovedstaden;Københavns Omegns Storkreds;Ø;Necla Baran
Hovedstaden;Københavns Omegns Storkreds;Ø;Stefan Rundstrøm
Hovedstaden;Københavns Omegns Storkreds;Ø;Stine Rahbek Pedersen
Hovedstaden;Københavns Omegns Storkreds;Ø;Søren Søndergaard
Hovedstaden;Københavns Omegns Storkreds;Ø;Tobias Clausen
Hovedstaden;Københavns Omegns Storkreds;Å;Bitten Vivi Jensen
Hovedstaden;Københavns Omegns Storkreds;Å;Irina Bjørnø
Hovedstaden;Københavns Omegns Storkreds;Å;Jesper Callesen
Hovedstaden;Københavns Omegns Storkreds;Å;Qasam Nazir Ahmad
Hovedstaden;Københavns Omegns Storkreds;Å;Sofie Groth
Hovedstaden;Københavns Omegns Storkreds;Å;Thomas Anker
Hovedstaden;Københavns Omegns Storkreds;Å;Thomas Lindqvist
Hovedstaden;Københavns Omegns Storkreds;Å;Ulla Sandbæk
Hovedstaden;Nordsjællands Storkreds;A;Fie Hækkerup
Hovedstaden;Nordsjællands Storkreds;A;Henrik Møller
Hovedstaden;Nordsjællands Storkreds;A;Louise Mehnke
Hovedstaden;Nordsjællands Storkreds;A;Matilde Powers
Hovedstaden;Nordsjællands Storkreds;A;Miki Dam Larsen
Hovedstaden;Nordsjællands Storkreds;A;Rasmus Stoklund
Hovedstaden;Nordsjællands Storkreds;B;Christian Holm Donatzky
Hovedstaden;Nordsjællands Storkreds;B;Christina Thorholm
Hovedstaden;Nordsjællands Storkreds;B;Jacob Netteberg
Hovedstaden;Nordsjællands Storkreds;B;Maria Katarina Nielsen
Hovedstaden;Nordsjællands Storkreds;B;Martin Lidegaard
Hovedstaden;Nordsjællands Storkreds;B;Tine Hessner
Hovedstaden;Nordsjællands Storkreds;C;Birgitte Bergman
Hovedstaden;Nordsjællands Storkreds;C;Christoffer Buster Reinhardt
Hovedstaden;Nordsjællands Storkreds;C;Egil Hulgaard
Hovedstaden;Nordsjællands Storkreds;C;Emma Juul Hansen
Hovedstaden;Nordsjællands Storkreds;C;Mette Abildgaard
Hovedstaden;Nordsjællands Storkreds;C;Niels Martin Viuff
Hovedstaden;Nordsjællands Storkreds;C;Nikolaj Frederiksen
Hovedstaden;Nordsjællands Storkreds;D;Carsten Winther
Hovedstaden;Nordsjællands Storkreds;D;Claus Bruncke
Hovedstaden;Nordsjællands Storkreds;D;Mette Thiesen
Hovedstaden;Nordsjællands Storkreds;D;Per Olsen
Hovedstaden;Nordsjællands Storkreds;D;Søren Højbjerg
Hovedstaden;Nordsjællands Storkreds;D;Søren Regenberg
Hovedstaden;Nordsjællands Storkreds;F;Jens Skov
Hovedstaden;Nordsjællands Storkreds;F;Marianne Bigum
Hovedstaden;Nordsjællands Storkreds;F;Marianne Stannum
Hovedstaden;Nordsjællands Storkreds;F;Peter Westermann
Hovedstaden;Nordsjællands Storkreds;F;Silje Brynildsen
Hovedstaden;Nordsjællands Storkreds;F;Stefan B. Skrubbeltrang
Hovedstaden;Nordsjællands Storkreds;I;Josephine Svane
Hovedstaden;Nordsjællands Storkreds;I;Kim Bjørnstrup
Hovedstaden;Nordsjællands Storkreds;I;Kira Danholm
Hovedstaden;Nordsjællands Storkreds;I;Lars Høyer Holmqvist
Hovedstaden;Nordsjællands Storkreds;I;Marianne Porsborg
Hovedstaden;Nordsjællands Storkreds;I;Robert Mørck
Hovedstaden;Nordsjællands Storkreds;I;Steffen Sjørslev
Hovedstaden;Nordsjællands Storkreds;I;Steffen W. Frølund
Hovedstaden;Nordsjællands Storkreds;K;Britta Kristensen
Hovedstaden;Nordsjællands Storkreds;K;Eva Skade Rasmussen
Hovedstaden;Nordsjællands Storkreds;K;Henrik Forsberg
Hovedstaden;Nordsjællands Storkreds;K;Kurt Pedersen
Hovedstaden;Nordsjællands Storkreds;K;Stig Grenov
Hovedstaden;Nordsjællands Storkreds;M;Carina Bloch Simonsen
Hovedstaden;Nordsjællands Storkreds;M;Erick Thürmer
Hovedstaden;Nordsjællands Storkreds;M;Jakob Engel-Schmidt
Hovedstaden;Nordsjællands Storkreds;M;Kim Mejnert Frydensbjerg
Hovedstaden;Nordsjællands Storkreds;M;Kim Rasmussen
Hovedstaden;Nordsjællands Storkreds;M;Ulf Helgstrand
Hovedstaden;Nordsjællands Storkreds;O;Birgitte Milling
Hovedstaden;Nordsjællands Storkreds;O;Brian Lyck Jørgensen
Hovedstaden;Nordsjællands Storkreds;O;Christian Sødergren
Hovedstaden;Nordsjællands Storkreds;O;Gert Løfgren
Hovedstaden;Nordsjællands Storkreds;O;Pia Adelsteen
Hovedstaden;Nordsjællands Storkreds;Q;Clara Rebecca Svarc
Hovedstaden;Nordsjællands Storkreds;Q;Lars Oskan-Henriksen
Hovedstaden;Nordsjællands Storkreds;Uden for partier;Jayseth Lotus Arrose Simonysano
Hovedstaden;Nordsjællands Storkreds;Uden for partier;Katjalivah Elleyhansen
Hovedstaden;Nordsjællands Storkreds;V;Hans Andersen
Hovedstaden;Nordsjællands Storkreds;V;Jørgen Eirfeldt
Hovedstaden;Nordsjællands Storkreds;V;Marianne Lynghøj
Hovedstaden;Nordsjællands Storkreds;V;Mette Lene Jensen
Hovedstaden;Nordsjællands Storkreds;V;Sophie Løhde
Hovedstaden;Nordsjællands Storkreds;V;Thomas Elong
Hovedstaden;Nordsjællands Storkreds;Æ;Lars Bregnbak
Hovedstaden;Nordsjællands Storkreds;Æ;Lars Ole Skovgaard Larsen
Hovedstaden;Nordsjællands Storkreds;Æ;Marlene Harpsøe
Hovedstaden;Nordsjællands Storkreds;Ø;Annie Hagel
Hovedstaden;Nordsjællands Storkreds;Ø;Christoffer Emil Jexen
Hovedstaden;Nordsjællands Storkreds;Ø;Emil Ulrik Andersen
Hovedstaden;Nordsjællands Storkreds;Ø;Sinem Demir
Hovedstaden;Nordsjællands Storkreds;Ø;Thue Lundgaard
Hovedstaden;Nordsjællands Storkreds;Ø;Øjvind Vilsholm
Hovedstaden;Nordsjællands Storkreds;Å;Allon Hein Sørensen
Hovedstaden;Nordsjællands Storkreds;Å;Helene Liliendahl Brydensholt
Hovedstaden;Nordsjællands Storkreds;Å;Mariane Lunden
Hovedstaden;Nordsjællands Storkreds;Å;Maud Margrethe Pedersen
Hovedstaden;Nordsjællands Storkreds;Å;Mette Jeppesen
Hovedstaden;Nordsjællands Storkreds;Å;Mette Skamris
Hovedstaden;Nordsjællands Storkreds;Å;Morten Hvidberg Greve
Hovedstaden;Nordsjællands Storkreds;Å;Nanna Høyrup
Hovedstaden;Nordsjællands Storkreds;Å;Nicklas Hakmann
Hovedstaden;Nordsjællands Storkreds;Å;Sidsel Dyekjær
Hovedstaden;Bornholms Storkreds;A;Lars Goldschmidt
Hovedstaden;Bornholms Storkreds;A;Lea Wermelin
Hovedstaden;Bornholms Storkreds;A;Steen Frandsen
Hovedstaden;Bornholms Storkreds;B;Birger Nissen
Hovedstaden;Bornholms Storkreds;B;David Christensen
Hovedstaden;Bornholms Storkreds;B;Gerd Lyng
Hovedstaden;Bornholms Storkreds;B;Niels Ebbesen
Hovedstaden;Bornholms Storkreds;C;Diana-Ester B. Eriksen
Hovedstaden;Bornholms Storkreds;C;Henriette Søvind
Hovedstaden;Bornholms Storkreds;C;Sebastian Larvad
Hovedstaden;Bornholms Storkreds;D;Jakob Buchwald Busk
Hovedstaden;Bornholms Storkreds;F;Andreas Grosbøll
Hovedstaden;Bornholms Storkreds;F;Thomas Garfort
Hovedstaden;Bornholms Storkreds;I;Clara Malmqvist
Hovedstaden;Bornholms Storkreds;I;Mette Vinqvist
Hovedstaden;Bornholms Storkreds;K;Bjarne Hartung Kirkegaard
Hovedstaden;Bornholms Storkreds;M;Lars Christian Funk
Hovedstaden;Bornholms Storkreds;M;Stine Rosenquist
Hovedstaden;Bornholms Storkreds;O;Mette Sode Hansen
Hovedstaden;Bornholms Storkreds;O;Rene Danielsson
Hovedstaden;Bornholms Storkreds;O;Sabine Nicoline Lyngberg
Hovedstaden;Bornholms Storkreds;Q;Stine Zink Kaasgaard
Hovedstaden;Bornholms Storkreds;Uden for partier;Charlotte Petersen
Hovedstaden;Bornholms Storkreds;V;Birthe Tindbæk Bredo
Hovedstaden;Bornholms Storkreds;V;Julie Pauch Nymark
Hovedstaden;Bornholms Storkreds;V;Peter Juel-Jensen
Hovedstaden;Bornholms Storkreds;Æ;Vibeke Brønnum
Hovedstaden;Bornholms Storkreds;Ø;Laura Kofod
Hovedstaden;Bornholms Storkreds;Ø;Morten Riis
Hovedstaden;Bornholms Storkreds;Å;Caroline Meyer White
Hovedstaden;Bornholms Storkreds;Å;Martin Kelleher-Petersen
Sjælland-Syddanmark;Sjællands Storkreds;A;Astrid Krag
Sjælland-Syddanmark;Sjællands Storkreds;A;Brian Bressendorff
Sjælland-Syddanmark;Sjællands Storkreds;A;Frederik Enevoldsen
Sjælland-Syddanmark;Sjællands Storkreds;A;Frederik Vad
Sjælland-Syddanmark;Sjællands Storkreds;A;Jeppe Kofod
Sjælland-Syddanmark;Sjællands Storkreds;A;Kaare Dybvad Bek
Sjælland-Syddanmark;Sjællands Storkreds;A;Kasper Roug
Sjælland-Syddanmark;Sjællands Storkreds;A;Magnus Heunicke
Sjælland-Syddanmark;Sjællands Storkreds;A;Mette Gjerskov
Sjælland-Syddanmark;Sjællands Storkreds;A;Rasmus Horn Langhoff
Sjælland-Syddanmark;Sjællands Storkreds;A;Tanja Larsson
Sjælland-Syddanmark;Sjællands Storkreds;A;Thorkild Holmboe-Hay
Sjælland-Syddanmark;Sjællands Storkreds;B;Anne Sophie Callesen
Sjælland-Syddanmark;Sjællands Storkreds;B;Edris Qasimi
Sjælland-Syddanmark;Sjællands Storkreds;B;Hikmet Altun
Sjælland-Syddanmark;Sjællands Storkreds;B;Jeppe Trolle
Sjælland-Syddanmark;Sjællands Storkreds;B;Kristian Stokholm
Sjælland-Syddanmark;Sjællands Storkreds;B;Line Krogh Lay
Sjælland-Syddanmark;Sjællands Storkreds;B;Lukas Lunøe
Sjælland-Syddanmark;Sjællands Storkreds;B;Troels Brandt
Sjælland-Syddanmark;Sjællands Storkreds;B;Zenia Stampe
Sjælland-Syddanmark;Sjællands Storkreds;C;Andreas Karlsen
Sjælland-Syddanmark;Sjællands Storkreds;C;Annette Juhler Kjær
Sjælland-Syddanmark;Sjællands Storkreds;C;Brigitte Klintskov Jerkel
Sjælland-Syddanmark;Sjællands Storkreds;C;Camillo Krog
Sjælland-Syddanmark;Sjællands Storkreds;C;Claus Dyremose
Sjælland-Syddanmark;Sjællands Storkreds;C;Helle Laursen Petersen
Sjælland-Syddanmark;Sjællands Storkreds;C;Jacob Stryhn
Sjælland-Syddanmark;Sjællands Storkreds;C;Mads C. Andersen
Sjælland-Syddanmark;Sjællands Storkreds;C;Mads Silberg
Sjælland-Syddanmark;Sjællands Storkreds;C;Regitze Harslund Sancoeur
Sjælland-Syddanmark;Sjællands Storkreds;C;Rune Kristensen
Sjælland-Syddanmark;Sjællands Storkreds;C;Stine Pilt Olsen
Sjælland-Syddanmark;Sjællands Storkreds;D;Claus Bedemann
Sjælland-Syddanmark;Sjællands Storkreds;D;Githa Nelander
Sjælland-Syddanmark;Sjællands Storkreds;D;Henriette Ergemann
Sjælland-Syddanmark;Sjællands Storkreds;D;Jan Bigum Warming
Sjælland-Syddanmark;Sjællands Storkreds;D;Peter Seier Christensen
Sjælland-Syddanmark;Sjællands Storkreds;D;Tonny Voldby Pedersen
Sjælland-Syddanmark;Sjællands Storkreds;D;Ulrik Nick Lassen
Sjælland-Syddanmark;Sjællands Storkreds;F;Anne Valentina Berthelsen
Sjælland-Syddanmark;Sjællands Storkreds;F;Astrid Carøe
Sjælland-Syddanmark;Sjællands Storkreds;F;Claus Jørgensen
Sjælland-Syddanmark;Sjællands Storkreds;F;Gitte Henriksen
Sjælland-Syddanmark;Sjællands Storkreds;F;Jacob Mark
Sjælland-Syddanmark;Sjællands Storkreds;F;Jeanne Rygas Bergmansen
Sjælland-Syddanmark;Sjællands Storkreds;F;Kenneth Werby
Sjælland-Syddanmark;Sjællands Storkreds;F;Mads Olsen
Sjælland-Syddanmark;Sjællands Storkreds;F;Michael Graakjær
Sjælland-Syddanmark;Sjællands Storkreds;I;Flemming Sørensen
Sjælland-Syddanmark;Sjællands Storkreds;I;Frederik Grünfeld
Sjælland-Syddanmark;Sjællands Storkreds;I;Henrik Thomsen
Sjælland-Syddanmark;Sjællands Storkreds;I;Joachim Riis-Bernickow
Sjælland-Syddanmark;Sjællands Storkreds;I;Lars-Christian Brask
Sjælland-Syddanmark;Sjællands Storkreds;I;Louie Andersen
Sjælland-Syddanmark;Sjællands Storkreds;I;Nicolai Sandager
Sjælland-Syddanmark;Sjællands Storkreds;I;Nikolaj Vester
Sjælland-Syddanmark;Sjællands Storkreds;I;Sander P. Larsen
Sjælland-Syddanmark;Sjællands Storkreds;I;Sandra Elisabeth Skalvig
Sjælland-Syddanmark;Sjællands Storkreds;I;Thomas Vesth
Sjælland-Syddanmark;Sjællands Storkreds;K;Eva Guldfred
Sjælland-Syddanmark;Sjællands Storkreds;K;Finn Andersen
Sjælland-Syddanmark;Sjællands Storkreds;K;John Haugegaard
Sjælland-Syddanmark;Sjællands Storkreds;K;Per Kristensen
Sjælland-Syddanmark;Sjællands Storkreds;K;Tage Sørensen
Sjælland-Syddanmark;Sjællands Storkreds;M;Benjamin Lindberg
Sjælland-Syddanmark;Sjællands Storkreds;M;Charlotte Bagge Hansen
Sjælland-Syddanmark;Sjællands Storkreds;M;Ewan O'Nell
Sjælland-Syddanmark;Sjællands Storkreds;M;Jan Carlsen
Sjælland-Syddanmark;Sjællands Storkreds;M;Lars Løkke Rasmussen
Sjælland-Syddanmark;Sjællands Storkreds;M;Lucas Olsgaard
Sjælland-Syddanmark;Sjællands Storkreds;M;Mads Lund Beier
Sjælland-Syddanmark;Sjællands Storkreds;M;Michael Hertz
Sjælland-Syddanmark;Sjællands Storkreds;M;Mike Villa Fonseca
Sjælland-Syddanmark;Sjællands Storkreds;O;Anders Ladegaard Bork
Sjælland-Syddanmark;Sjællands Storkreds;O;Claus Engskov
Sjælland-Syddanmark;Sjællands Storkreds;O;Jan Herskov
Sjælland-Syddanmark;Sjællands Storkreds;O;John Vind
Sjælland-Syddanmark;Sjællands Storkreds;O;Kim Errebo
Sjælland-Syddanmark;Sjællands Storkreds;O;Kim Malmberg Hansen
Sjælland-Syddanmark;Sjællands Storkreds;O;Lars Damgaard
Sjælland-Syddanmark;Sjællands Storkreds;O;Merete Dea Larsen
Sjælland-Syddanmark;Sjællands Storkreds;O;Pia Kjærsgaard
Sjælland-Syddanmark;Sjællands Storkreds;O;René Christensen
Sjælland-Syddanmark;Sjællands Storkreds;O;Simon Hampe
Sjælland-Syddanmark;Sjællands Storkreds;O;Søren Lund Hansen
Sjælland-Syddanmark;Sjællands Storkreds;Q;Ahmet Üzümcü
Sjælland-Syddanmark;Sjællands Storkreds;Q;Jasmin Kaur
Sjælland-Syddanmark;Sjællands Storkreds;Q;Xenia Anderson
Sjælland-Syddanmark;Sjællands Storkreds;Q;Yadvinder Singh
Sjælland-Syddanmark;Sjællands Storkreds;Uden for partier;Lisa Sofia Larsson
Sjælland-Syddanmark;Sjællands Storkreds;Uden for partier;Rasmus Paludan
Sjælland-Syddanmark;Sjællands Storkreds;V;Charlotte Bisserup Bechfeldt
Sjælland-Syddanmark;Sjællands Storkreds;V;Ditte Rust
Sjælland-Syddanmark;Sjællands Storkreds;V;Iben Krog
Sjælland-Syddanmark;Sjællands Storkreds;V;Jacob Jensen
Sjælland-Syddanmark;Sjællands Storkreds;V;Jacob Panton
Sjælland-Syddanmark;Sjællands Storkreds;V;Ken Kristensen
Sjælland-Syddanmark;Sjællands Storkreds;V;Louise Schack Elholm
Sjælland-Syddanmark;Sjællands Storkreds;V;Malene Grandjean
Sjælland-Syddanmark;Sjællands Storkreds;V;Marcus Danielsson
Sjælland-Syddanmark;Sjællands Storkreds;V;Morten Dahlin
Sjælland-Syddanmark;Sjællands Storkreds;V;Rasmus Hylleberg
Sjælland-Syddanmark;Sjællands Storkreds;V;Stén Knuth
Sjælland-Syddanmark;Sjællands Storkreds;Æ;Christian Wibholm
Sjælland-Syddanmark;Sjællands Storkreds;Æ;Peter Skaarup
Sjælland-Syddanmark;Sjællands Storkreds;Æ;Sebastian Mylsted-Schenstrøm
Sjælland-Syddanmark;Sjællands Storkreds;Æ;Susie Jessen
Sjælland-Syddanmark;Sjællands Storkreds;Ø;Anders Ladegaard Marchsteiner
Sjælland-Syddanmark;Sjællands Storkreds;Ø;Birgit Gedionsen
Sjælland-Syddanmark;Sjællands Storkreds;Ø;Bruno Jerup
Sjælland-Syddanmark;Sjællands Storkreds;Ø;Christian Tastrup
Sjælland-Syddanmark;Sjællands Storkreds;Ø;Christine Lundgaard
Sjælland-Syddanmark;Sjællands Storkreds;Ø;Jonas Paludan
Sjælland-Syddanmark;Sjællands Storkreds;Ø;Ludmila Plenge Schütt
Sjælland-Syddanmark;Sjællands Storkreds;Ø;Miralem Garagic
Sjælland-Syddanmark;Sjællands Storkreds;Ø;Otto Mortensen
Sjælland-Syddanmark;Sjællands Storkreds;Ø;Trine Pertou Mach
Sjælland-Syddanmark;Sjællands Storkreds;Å;Jakob Schmidt
Sjælland-Syddanmark;Sjællands Storkreds;Å;Jan Allan Andersen
Sjælland-Syddanmark;Sjællands Storkreds;Å;Katrine Ida Olsson
Sjælland-Syddanmark;Sjællands Storkreds;Å;Kirsten Kock
Sjælland-Syddanmark;Sjællands Storkreds;Å;Line Gessø
Sjælland-Syddanmark;Sjællands Storkreds;Å;Liselotte Katarina Rotfeld
Sjælland-Syddanmark;Sjællands Storkreds;Å;Michael Monberg
Sjælland-Syddanmark;Sjællands Storkreds;Å;Sascha Faxe
Sjælland-Syddanmark;Sjællands Storkreds;Å;Ulla Munksgaard
Sjælland-Syddanmark;Fyns Storkreds;A;Bjørn Brandenborg
Sjælland-Syddanmark;Fyns Storkreds;A;Dan Jørgensen
Sjælland-Syddanmark;Fyns Storkreds;A;Kim Aas
Sjælland-Syddanmark;Fyns Storkreds;A;Lasse Haugaard Pedersen
Sjælland-Syddanmark;Fyns Storkreds;A;Mads Madsen Henriksen
Sjælland-Syddanmark;Fyns Storkreds;A;Sara Emil Baaring
Sjælland-Syddanmark;Fyns Storkreds;A;Thomas Skriver Jensen
Sjælland-Syddanmark;Fyns Storkreds;A;Trine Bramsen
Sjælland-Syddanmark;Fyns Storkreds;B;Hanne Ringgaard Møller
Sjælland-Syddanmark;Fyns Storkreds;B;Jan Werner Mathiasen
Sjælland-Syddanmark;Fyns Storkreds;B;Kim Lei-Jensen
Sjælland-Syddanmark;Fyns Storkreds;B;Niels Grønlund
Sjælland-Syddanmark;Fyns Storkreds;B;Rasmus Helveg Petersen
Sjælland-Syddanmark;Fyns Storkreds;C;Anders Johansson
Sjælland-Syddanmark;Fyns Storkreds;C;Anne Fiber
Sjælland-Syddanmark;Fyns Storkreds;C;Emil Holbech Hansen
Sjælland-Syddanmark;Fyns Storkreds;C;Joachim Hoffmann-Petersen
Sjælland-Syddanmark;Fyns Storkreds;C;John Hoppe
Sjælland-Syddanmark;Fyns Storkreds;C;Kristian Guldfeldt
Sjælland-Syddanmark;Fyns Storkreds;C;Mai Mercado
Sjælland-Syddanmark;Fyns Storkreds;C;Roya Moore
Sjælland-Syddanmark;Fyns Storkreds;C;Tobias Bennedsen
Sjælland-Syddanmark;Fyns Storkreds;D;Henrik Tørnqvist Lauridsen
Sjælland-Syddanmark;Fyns Storkreds;D;Jonas René Jensen
Sjælland-Syddanmark;Fyns Storkreds;D;Lars Lillebæk
Sjælland-Syddanmark;Fyns Storkreds;D;Malte Jäger
Sjælland-Syddanmark;Fyns Storkreds;D;Melanie Jørgensen
Sjælland-Syddanmark;Fyns Storkreds;D;Mikkel Bjørn
Sjælland-Syddanmark;Fyns Storkreds;D;Nicolaj Holm Pedersen
Sjælland-Syddanmark;Fyns Storkreds;D;Rebecha Foged
Sjælland-Syddanmark;Fyns Storkreds;F;Jonas Hulgaard Ammundsen
Sjælland-Syddanmark;Fyns Storkreds;F;Karsten Hønge
Sjælland-Syddanmark;Fyns Storkreds;F;Katrine Wulff
Sjælland-Syddanmark;Fyns Storkreds;F;Lise Müller
Sjælland-Syddanmark;Fyns Storkreds;F;Nynne Printz
Sjælland-Syddanmark;Fyns Storkreds;I;Anders Kirkeby
Sjælland-Syddanmark;Fyns Storkreds;I;Christoffer Munk
Sjælland-Syddanmark;Fyns Storkreds;I;Katrine Daugaard
Sjælland-Syddanmark;Fyns Storkreds;I;Silke Anna Hein
Sjælland-Syddanmark;Fyns Storkreds;I;Sinus Kremmer
Sjælland-Syddanmark;Fyns Storkreds;K;Anders Friis Knudsen
Sjælland-Syddanmark;Fyns Storkreds;K;Gert Dyrn
Sjælland-Syddanmark;Fyns Storkreds;K;Jenan Jamel Bozo
Sjælland-Syddanmark;Fyns Storkreds;K;Maria av Skardi
Sjælland-Syddanmark;Fyns Storkreds;K;Michelle West
Sjælland-Syddanmark;Fyns Storkreds;K;Niclas Aarestrup
Sjælland-Syddanmark;Fyns Storkreds;K;Simon Lavdal
Sjælland-Syddanmark;Fyns Storkreds;K;Torben Bundgaard
Sjælland-Syddanmark;Fyns Storkreds;M;Carsten Damgaard Møller
Sjælland-Syddanmark;Fyns Storkreds;M;H.C. Wulff
Sjælland-Syddanmark;Fyns Storkreds;M;Kenneth Bjerg Andersen
Sjælland-Syddanmark;Fyns Storkreds;M;Rosa Eriksen
Sjælland-Syddanmark;Fyns Storkreds;O;Alex Ahrendtsen
Sjælland-Syddanmark;Fyns Storkreds;O;Charlotte Møller-Madsen
Sjælland-Syddanmark;Fyns Storkreds;O;Cheanne Nielsen
Sjælland-Syddanmark;Fyns Storkreds;O;Dorthe Ullemose
Sjælland-Syddanmark;Fyns Storkreds;O;Frank Sørensen
Sjælland-Syddanmark;Fyns Storkreds;O;Lars Kolling
Sjælland-Syddanmark;Fyns Storkreds;O;Signe Vedersø Keldorff
Sjælland-Syddanmark;Fyns Storkreds;Q;Nicholas Nyrop Vinthen
Sjælland-Syddanmark;Fyns Storkreds;Q;Nishan Ganesh
Sjælland-Syddanmark;Fyns Storkreds;Uden for partier;Millah Kongsbach
Sjælland-Syddanmark;Fyns Storkreds;V;Araz Khan
Sjælland-Syddanmark;Fyns Storkreds;V;Bo Sandberg
Sjælland-Syddanmark;Fyns Storkreds;V;Erling Bonnesen
Sjælland-Syddanmark;Fyns Storkreds;V;Lars Chr. Lilleholt
Sjælland-Syddanmark;Fyns Storkreds;V;Marlene Ambo-Rasmussen
Sjælland-Syddanmark;Fyns Storkreds;V;Nikolaj Leed Henriksen
Sjælland-Syddanmark;Fyns Storkreds;V;Pia Offer Madsen
Sjælland-Syddanmark;Fyns Storkreds;V;Thomas Kristoffersen
Sjælland-Syddanmark;Fyns Storkreds;Æ;Bent Juul Sørensen
Sjælland-Syddanmark;Fyns Storkreds;Æ;Jens Henrik W. Thulesen Dahl
Sjælland-Syddanmark;Fyns Storkreds;Æ;Martin Jason Adelgaard
Sjælland-Syddanmark;Fyns Storkreds;Æ;Nikolaj Vang
Sjælland-Syddanmark;Fyns Storkreds;Æ;Vivian Lindberg Larsen
Sjælland-Syddanmark;Fyns Storkreds;Ø;Camilla Dalum Jensen
Sjælland-Syddanmark;Fyns Storkreds;Ø;Niels Bjarne Lund
Sjælland-Syddanmark;Fyns Storkreds;Ø;Reza Javid
Sjælland-Syddanmark;Fyns Storkreds;Ø;Torsten Ringgaard
Sjælland-Syddanmark;Fyns Storkreds;Ø;Vibeke Syppli Enrum
Sjælland-Syddanmark;Fyns Storkreds;Ø;Victoria Bøgh Salo
Sjælland-Syddanmark;Fyns Storkreds;Ø;Victoria Velásquez
Sjælland-Syddanmark;Fyns Storkreds;Å;Anna Astrid Høy-Nielsen
Sjælland-Syddanmark;Fyns Storkreds;Å;Bodil Marie Helbo
Sjælland-Syddanmark;Fyns Storkreds;Å;Henrik Boye
Sjælland-Syddanmark;Fyns Storkreds;Å;Kasper Krebs
Sjælland-Syddanmark;Fyns Storkreds;Å;Linda Frølund Hansen
Sjælland-Syddanmark;Fyns Storkreds;Å;Marianne Lassen
Sjælland-Syddanmark;Fyns Storkreds;Å;Martin Kjærulff
Sjælland-Syddanmark;Fyns Storkreds;Å;Mette Rahbek
Sjælland-Syddanmark;Fyns Storkreds;Å;Ole Dupont Kofod
Sjælland-Syddanmark;Fyns Storkreds;Å;Simon Nyborg Jensen
Sjælland-Syddanmark;Sydjyllands Storkreds;A;Anders Kronborg
Sjælland-Syddanmark;Sydjyllands Storkreds;A;Barbara Krarup Hansen
Sjælland-Syddanmark;Sydjyllands Storkreds;A;Benny Engelbrecht
Sjælland-Syddanmark;Sydjyllands Storkreds;A;Birgitte Vind
Sjælland-Syddanmark;Sydjyllands Storkreds;A;Bjørn Laursen
Sjælland-Syddanmark;Sydjyllands Storkreds;A;Christian Rabjerg Madsen
Sjælland-Syddanmark;Sydjyllands Storkreds;A;Jens Jonatan Steen
Sjælland-Syddanmark;Sydjyllands Storkreds;A;Jesper Petersen
Sjælland-Syddanmark;Sydjyllands Storkreds;A;Kim Eskesen
Sjælland-Syddanmark;Sydjyllands Storkreds;A;Kris Jensen Skriver
Sjælland-Syddanmark;Sydjyllands Storkreds;A;Niels Ole Beck
Sjælland-Syddanmark;Sydjyllands Storkreds;A;Theis Kylling Hommeltoft
Sjælland-Syddanmark;Sydjyllands Storkreds;A;Tommi Christensen
Sjælland-Syddanmark;Sydjyllands Storkreds;B;Anne Marie Geisler Andersen
Sjælland-Syddanmark;Sydjyllands Storkreds;B;Bjarne Lastein
Sjælland-Syddanmark;Sydjyllands Storkreds;B;Finn Hartvig Nielsen
Sjælland-Syddanmark;Sydjyllands Storkreds;B;Lasse Skov Ovesen
Sjælland-Syddanmark;Sydjyllands Storkreds;B;Lotte Rod
Sjælland-Syddanmark;Sydjyllands Storkreds;B;Nils Sjøberg
Sjælland-Syddanmark;Sydjyllands Storkreds;B;Ole Lynggaard Jørgensen
Sjælland-Syddanmark;Sydjyllands Storkreds;C;Birgitte Klippert
Sjælland-Syddanmark;Sydjyllands Storkreds;C;Casper Nørgaard Maglekær
Sjælland-Syddanmark;Sydjyllands Storkreds;C;Christian Lorenzen
Sjælland-Syddanmark;Sydjyllands Storkreds;C;Dan Foss Kragh
Sjælland-Syddanmark;Sydjyllands Storkreds;C;Dorthe Schmittroth
Sjælland-Syddanmark;Sydjyllands Storkreds;C;Frederik Bloch Münster
Sjælland-Syddanmark;Sydjyllands Storkreds;C;Jesper Højmark Esbensen
Sjælland-Syddanmark;Sydjyllands Storkreds;C;Kirsten Hassing Nielsen
Sjælland-Syddanmark;Sydjyllands Storkreds;C;Niels Flemming Hansen
Sjælland-Syddanmark;Sydjyllands Storkreds;C;Rasmus Dahlberg
Sjælland-Syddanmark;Sydjyllands Storkreds;C;Rasmus Elkjær Larsen
Sjælland-Syddanmark;Sydjyllands Storkreds;C;Rasmus Sandvej
Sjælland-Syddanmark;Sydjyllands Storkreds;C;Rikke Norlyk
Sjælland-Syddanmark;Sydjyllands Storkreds;C;Steen Holm Iversen
Sjælland-Syddanmark;Sydjyllands Storkreds;C;Steffen Hansen
Sjælland-Syddanmark;Sydjyllands Storkreds;D;Bo Kleis Christensen
Sjælland-Syddanmark;Sydjyllands Storkreds;D;Hans-Christian Gjerlevsen
Sjælland-Syddanmark;Sydjyllands Storkreds;D;Henrik Husted
Sjælland-Syddanmark;Sydjyllands Storkreds;D;Jan Køpke Christensen
Sjælland-Syddanmark;Sydjyllands Storkreds;D;Karsten Byrgesen
Sjælland-Syddanmark;Sydjyllands Storkreds;D;Kim Andkjær Doberck
Sjælland-Syddanmark;Sydjyllands Storkreds;D;Marianne Mathiesen
Sjælland-Syddanmark;Sydjyllands Storkreds;D;Pernille Vermund
Sjælland-Syddanmark;Sydjyllands Storkreds;D;Rune Bønnelykke
Sjælland-Syddanmark;Sydjyllands Storkreds;D;Thomas Vedsted
Sjælland-Syddanmark;Sydjyllands Storkreds;D;Tom Andkjær
Sjælland-Syddanmark;Sydjyllands Storkreds;F;Christian Mutwa Christensen
Sjælland-Syddanmark;Sydjyllands Storkreds;F;David Dam Jensen
Sjælland-Syddanmark;Sydjyllands Storkreds;F;Gunner Poulsen
Sjælland-Syddanmark;Sydjyllands Storkreds;F;John Hyrup Jensen
Sjælland-Syddanmark;Sydjyllands Storkreds;F;Karin B. Nissen
Sjælland-Syddanmark;Sydjyllands Storkreds;F;Karina Lorentzen Dehnhardt
Sjælland-Syddanmark;Sydjyllands Storkreds;F;Lars Olesen
Sjælland-Syddanmark;Sydjyllands Storkreds;F;Laurits Kaae
Sjælland-Syddanmark;Sydjyllands Storkreds;F;Milo Jacobsen Gaarde
Sjælland-Syddanmark;Sydjyllands Storkreds;F;Nanna Bonde
Sjælland-Syddanmark;Sydjyllands Storkreds;F;Simon Dahl Verner
Sjælland-Syddanmark;Sydjyllands Storkreds;F;Susanne Stenstrop Thorsen
Sjælland-Syddanmark;Sydjyllands Storkreds;F;Wanda Madsen
Sjælland-Syddanmark;Sydjyllands Storkreds;I;Carl Andersen
Sjælland-Syddanmark;Sydjyllands Storkreds;I;Carsten Andersen
Sjælland-Syddanmark;Sydjyllands Storkreds;I;Dorthe Wildt Nielsen
Sjælland-Syddanmark;Sydjyllands Storkreds;I;Helena Artmann Andresen
Sjælland-Syddanmark;Sydjyllands Storkreds;I;Henrik Dahl
Sjælland-Syddanmark;Sydjyllands Storkreds;I;Kenneth Kirkeby
Sjælland-Syddanmark;Sydjyllands Storkreds;I;Kim Alexander Jensen
Sjælland-Syddanmark;Sydjyllands Storkreds;I;Mikkel Pedersen
Sjælland-Syddanmark;Sydjyllands Storkreds;I;Tobias Pagh
Sjælland-Syddanmark;Sydjyllands Storkreds;K;Ester Esmarch
Sjælland-Syddanmark;Sydjyllands Storkreds;K;Frits Simmelsgaard Kristensen
Sjælland-Syddanmark;Sydjyllands Storkreds;K;Henrik Engelbrekt Refshauge
Sjælland-Syddanmark;Sydjyllands Storkreds;K;Mirjam Fibiger Olesen
Sjælland-Syddanmark;Sydjyllands Storkreds;K;Poul Harald Holm
Sjælland-Syddanmark;Sydjyllands Storkreds;K;Søren Lydeking Pedersen
Sjælland-Syddanmark;Sydjyllands Storkreds;M;Frida Bruun
Sjælland-Syddanmark;Sydjyllands Storkreds;M;Henrik Frandsen
Sjælland-Syddanmark;Sydjyllands Storkreds;M;Kasper Søstrøm Müller
Sjælland-Syddanmark;Sydjyllands Storkreds;M;Mette Kierkgaard
Sjælland-Syddanmark;Sydjyllands Storkreds;O;Jon Krongaard
Sjælland-Syddanmark;Sydjyllands Storkreds;O;Josephine Alstrup
Sjælland-Syddanmark;Sydjyllands Storkreds;O;Lasse Holmqvist
Sjælland-Syddanmark;Sydjyllands Storkreds;O;Lene Baggesø
Sjælland-Syddanmark;Sydjyllands Storkreds;O;Peter Kofod
Sjælland-Syddanmark;Sydjyllands Storkreds;O;Susanne Eilersen
Sjælland-Syddanmark;Sydjyllands Storkreds;O;Søren Rasmussen
Sjælland-Syddanmark;Sydjyllands Storkreds;Q;Marianne Karlberg
Sjælland-Syddanmark;Sydjyllands Storkreds;Q;Viola Kirkegaard Kräge
Sjælland-Syddanmark;Sydjyllands Storkreds;Uden for partier;Kenneth Vestergaard
Sjælland-Syddanmark;Sydjyllands Storkreds;Uden for partier;Kent Nielsen
Sjælland-Syddanmark;Sydjyllands Storkreds;V;Anni Matthiesen
Sjælland-Syddanmark;Sydjyllands Storkreds;V;Chris Preuss
Sjælland-Syddanmark;Sydjyllands Storkreds;V;Christoffer Aagaard Melson
Sjælland-Syddanmark;Sydjyllands Storkreds;V;Eva Kjer Hansen
Sjælland-Syddanmark;Sydjyllands Storkreds;V;Hans Christian Schmidt
Sjælland-Syddanmark;Sydjyllands Storkreds;V;Jacob Chr. Nielsen
Sjælland-Syddanmark;Sydjyllands Storkreds;V;Kasper B. Mundt
Sjælland-Syddanmark;Sydjyllands Storkreds;V;Klaus Sandfeld
Sjælland-Syddanmark;Sydjyllands Storkreds;V;Niels Henning Bladt
Sjælland-Syddanmark;Sydjyllands Storkreds;V;Preben Friis-Hauge
Sjælland-Syddanmark;Sydjyllands Storkreds;V;Rikke Tangaa
Sjælland-Syddanmark;Sydjyllands Storkreds;V;Tilde Holch Duedahl
Sjælland-Syddanmark;Sydjyllands Storkreds;V;Tobias Jørgensen
Sjælland-Syddanmark;Sydjyllands Storkreds;Æ;Jenny Andresen
Sjælland-Syddanmark;Sydjyllands Storkreds;Æ;Karina Adsbøl
Sjælland-Syddanmark;Sydjyllands Storkreds;Æ;Kenneth Fredslund Petersen
Sjælland-Syddanmark;Sydjyllands Storkreds;Æ;Michael Mikkelsen
Sjælland-Syddanmark;Sydjyllands Storkreds;Æ;Patrick Culmsee Bryhl
Sjælland-Syddanmark;Sydjyllands Storkreds;Æ;Søren Espersen
Sjælland-Syddanmark;Sydjyllands Storkreds;Ø;Benny Dall
Sjælland-Syddanmark;Sydjyllands Storkreds;Ø;Helene Hellesøe Appel
Sjælland-Syddanmark;Sydjyllands Storkreds;Ø;Jan Filbært
Sjælland-Syddanmark;Sydjyllands Storkreds;Ø;Johanna-Maria Precht
Sjælland-Syddanmark;Sydjyllands Storkreds;Ø;Marianne Ishøi Mose
Sjælland-Syddanmark;Sydjyllands Storkreds;Ø;Mathias Dahl Christiansen
Sjælland-Syddanmark;Sydjyllands Storkreds;Ø;Rasmus Vestergaard Madsen
Sjælland-Syddanmark;Sydjyllands Storkreds;Ø;Sabrina Louise Christiansen
Sjælland-Syddanmark;Sydjyllands Storkreds;Ø;Sarah Nørris
Sjælland-Syddanmark;Sydjyllands Storkreds;Ø;Selma Bolø
Sjælland-Syddanmark;Sydjyllands Storkreds;Ø;Søren Egge Rasmussen
Sjælland-Syddanmark;Sydjyllands Storkreds;Å;Ane Line Søndergaard
Sjælland-Syddanmark;Sydjyllands Storkreds;Å;Astrid Reese Fogh
Sjælland-Syddanmark;Sydjyllands Storkreds;Å;Benjamin Strand Andersen
Sjælland-Syddanmark;Sydjyllands Storkreds;Å;Carsten Sohl
Sjælland-Syddanmark;Sydjyllands Storkreds;Å;Ditte Madvig Evald
Sjælland-Syddanmark;Sydjyllands Storkreds;Å;Hans Biering Fonsbøl
Sjælland-Syddanmark;Sydjyllands Storkreds;Å;Jørn Bjorholm
Sjælland-Syddanmark;Sydjyllands Storkreds;Å;Mikael Winther
Sjælland-Syddanmark;Sydjyllands Storkreds;Å;Nilas Bay-Foged
Sjælland-Syddanmark;Sydjyllands Storkreds;Å;Rinnie Ilsøe
Midtjylland-Nordjylland;Østjyllands Storkreds;A;Anna Thusgård
Midtjylland-Nordjylland;Østjyllands Storkreds;A;Camilla Fabricius
Midtjylland-Nordjylland;Østjyllands Storkreds;A;Daniel Toft Jakobsen
Midtjylland-Nordjylland;Østjyllands Storkreds;A;Dorthe Hindborg
Midtjylland-Nordjylland;Østjyllands Storkreds;A;Iben Sønderup
Midtjylland-Nordjylland;Østjyllands Storkreds;A;Jens Joel
Midtjylland-Nordjylland;Østjyllands Storkreds;A;Leif Lahn Jensen
Midtjylland-Nordjylland;Østjyllands Storkreds;A;Malte Larsen
Midtjylland-Nordjylland;Østjyllands Storkreds;A;Nicolai Wammen
Midtjylland-Nordjylland;Østjyllands Storkreds;A;Thomas Monberg
Midtjylland-Nordjylland;Østjyllands Storkreds;A;Thyge Risvig
Midtjylland-Nordjylland;Østjyllands Storkreds;B;Andreas Steenberg
Midtjylland-Nordjylland;Østjyllands Storkreds;B;Frederik Aagaard Sørensen
Midtjylland-Nordjylland;Østjyllands Storkreds;B;Hanne Roed
Midtjylland-Nordjylland;Østjyllands Storkreds;B;Katrine Robsøe
Midtjylland-Nordjylland;Østjyllands Storkreds;B;Mia Nybo
Midtjylland-Nordjylland;Østjyllands Storkreds;B;Rebecca Marie Johansson
Midtjylland-Nordjylland;Østjyllands Storkreds;B;Rune Christiansen
Midtjylland-Nordjylland;Østjyllands Storkreds;B;Susan Kronborg
Midtjylland-Nordjylland;Østjyllands Storkreds;C;Anders Krojgaard Lund
Midtjylland-Nordjylland;Østjyllands Storkreds;C;Charlotte Green
Midtjylland-Nordjylland;Østjyllands Storkreds;C;Frederikke Noa Jung
Midtjylland-Nordjylland;Østjyllands Storkreds;C;Heidi Printzen
Midtjylland-Nordjylland;Østjyllands Storkreds;C;Isabella Arendt
Midtjylland-Nordjylland;Østjyllands Storkreds;C;Klaus Nyengaard
Midtjylland-Nordjylland;Østjyllands Storkreds;C;Kristian Damsgaard
Midtjylland-Nordjylland;Østjyllands Storkreds;C;Lotte Friis Böing
Midtjylland-Nordjylland;Østjyllands Storkreds;C;Marcus Knuth
Midtjylland-Nordjylland;Østjyllands Storkreds;C;Mona Juul
Midtjylland-Nordjylland;Østjyllands Storkreds;C;Per Urban Olsen
Midtjylland-Nordjylland;Østjyllands Storkreds;C;Søren Vanting
Midtjylland-Nordjylland;Østjyllands Storkreds;D;Inger-Marie Tryde
Midtjylland-Nordjylland;Østjyllands Storkreds;D;Jens K. Lundager
Midtjylland-Nordjylland;Østjyllands Storkreds;D;Jes Halfdan
Midtjylland-Nordjylland;Østjyllands Storkreds;D;Karina Kirk
Midtjylland-Nordjylland;Østjyllands Storkreds;D;Lars Axel Nielsen
Midtjylland-Nordjylland;Østjyllands Storkreds;D;Lars Boje Mathiesen
Midtjylland-Nordjylland;Østjyllands Storkreds;F;Anna Brændemose
Midtjylland-Nordjylland;Østjyllands Storkreds;F;Charlotte Broman Mølbæk
Midtjylland-Nordjylland;Østjyllands Storkreds;F;Charlotte Vindeløv
Midtjylland-Nordjylland;Østjyllands Storkreds;F;Kirsten Normann Andersen
Midtjylland-Nordjylland;Østjyllands Storkreds;F;Morten Siig Henriksen
Midtjylland-Nordjylland;Østjyllands Storkreds;F;Rasmus Nordqvist
Midtjylland-Nordjylland;Østjyllands Storkreds;F;Sofie Lippert
Midtjylland-Nordjylland;Østjyllands Storkreds;F;Søren Lahn Sloth
Midtjylland-Nordjylland;Østjyllands Storkreds;I;Alex Vanopslagh
Midtjylland-Nordjylland;Østjyllands Storkreds;I;Ditte Wedege
Midtjylland-Nordjylland;Østjyllands Storkreds;I;Jens Meilvang
Midtjylland-Nordjylland;Østjyllands Storkreds;I;Kurt Vind Christiansen
Midtjylland-Nordjylland;Østjyllands Storkreds;I;Line Brændgaard
Midtjylland-Nordjylland;Østjyllands Storkreds;I;Lisa Perkins
Midtjylland-Nordjylland;Østjyllands Storkreds;I;Louise Brown
Midtjylland-Nordjylland;Østjyllands Storkreds;I;Michael Valentin Ilsø
Midtjylland-Nordjylland;Østjyllands Storkreds;I;Morten Kolbe Thomsen
Midtjylland-Nordjylland;Østjyllands Storkreds;I;Nicolai Wang
Midtjylland-Nordjylland;Østjyllands Storkreds;I;Steffen Georg Jespersen
Midtjylland-Nordjylland;Østjyllands Storkreds;K;Birgit Jakobsen
Midtjylland-Nordjylland;Østjyllands Storkreds;K;Hanna-Maria Lyng
Midtjylland-Nordjylland;Østjyllands Storkreds;K;Henning Østergaard
Midtjylland-Nordjylland;Østjyllands Storkreds;K;Henrik Hjortshøj
Midtjylland-Nordjylland;Østjyllands Storkreds;K;Kristian Søndergaard Larsen
Midtjylland-Nordjylland;Østjyllands Storkreds;K;Nils-Erik Mulvad
Midtjylland-Nordjylland;Østjyllands Storkreds;K;Palle Rosenkilde
Midtjylland-Nordjylland;Østjyllands Storkreds;K;Rolf Bjerre
Midtjylland-Nordjylland;Østjyllands Storkreds;M;Henrik Rejnholt Andersen
Midtjylland-Nordjylland;Østjyllands Storkreds;M;Karin Liltorp
Midtjylland-Nordjylland;Østjyllands Storkreds;M;Peter Have
Midtjylland-Nordjylland;Østjyllands Storkreds;M;Tobias Grotkjær Elmstrøm
Midtjylland-Nordjylland;Østjyllands Storkreds;O;Anders Vistisen
Midtjylland-Nordjylland;Østjyllands Storkreds;O;Daniel Aage Holm
Midtjylland-Nordjylland;Østjyllands Storkreds;O;Danny Rosenkilde
Midtjylland-Nordjylland;Østjyllands Storkreds;O;Kim Christiansen
Midtjylland-Nordjylland;Østjyllands Storkreds;O;Laura Guldager
Midtjylland-Nordjylland;Østjyllands Storkreds;O;Michael Nedersøe
Midtjylland-Nordjylland;Østjyllands Storkreds;O;Nick Zimmermann
Midtjylland-Nordjylland;Østjyllands Storkreds;Q;Ali Khatib
Midtjylland-Nordjylland;Østjyllands Storkreds;Q;Karina Dammand
Midtjylland-Nordjylland;Østjyllands Storkreds;Q;Mohamed Abdikarim
Midtjylland-Nordjylland;Østjyllands Storkreds;Q;Niko Grünfeld
Midtjylland-Nordjylland;Østjyllands Storkreds;Q;Sara Hvidbak Grouleff
Midtjylland-Nordjylland;Østjyllands Storkreds;Uden for partier;Chresten H. Ibsen
Midtjylland-Nordjylland;Østjyllands Storkreds;Uden for partier;Jesper Antonsen
Midtjylland-Nordjylland;Østjyllands Storkreds;V;Erik Veje Rasmussen
Midtjylland-Nordjylland;Østjyllands Storkreds;V;Gustav Juul
Midtjylland-Nordjylland;Østjyllands Storkreds;V;Heidi Bank
Midtjylland-Nordjylland;Østjyllands Storkreds;V;Jakob Ellemann-Jensen
Midtjylland-Nordjylland;Østjyllands Storkreds;V;Jens Kloppenborg-Skrumsager
Midtjylland-Nordjylland;Østjyllands Storkreds;V;Lene Prip-Sørensen
Midtjylland-Nordjylland;Østjyllands Storkreds;V;Louise Louring
Midtjylland-Nordjylland;Østjyllands Storkreds;V;Michael Aastrup Jensen
Midtjylland-Nordjylland;Østjyllands Storkreds;V;Stephan Arnold
Midtjylland-Nordjylland;Østjyllands Storkreds;V;Tina Lund Sørensen
Midtjylland-Nordjylland;Østjyllands Storkreds;V;Troels Lund Poulsen
Midtjylland-Nordjylland;Østjyllands Storkreds;Æ;Erik Poulsen
Midtjylland-Nordjylland;Østjyllands Storkreds;Æ;Hans Kristian Skibby
Midtjylland-Nordjylland;Østjyllands Storkreds;Æ;Linda Englyst
Midtjylland-Nordjylland;Østjyllands Storkreds;Æ;Lone Glarbo
Midtjylland-Nordjylland;Østjyllands Storkreds;Æ;Ulrik Knudsen
Midtjylland-Nordjylland;Østjyllands Storkreds;Ø;Anders Pedersen
Midtjylland-Nordjylland;Østjyllands Storkreds;Ø;Anne Hegelund
Midtjylland-Nordjylland;Østjyllands Storkreds;Ø;Jesper Yde Knudsen
Midtjylland-Nordjylland;Østjyllands Storkreds;Ø;Karen Budtz-Jørgensen
Midtjylland-Nordjylland;Østjyllands Storkreds;Ø;Kristjar Skajaa
Midtjylland-Nordjylland;Østjyllands Storkreds;Ø;Lisbeth Torfing
Midtjylland-Nordjylland;Østjyllands Storkreds;Ø;Lucasia Gregersen
Midtjylland-Nordjylland;Østjyllands Storkreds;Ø;Magnus Fage Gislason
Midtjylland-Nordjylland;Østjyllands Storkreds;Ø;Mai Villadsen
Midtjylland-Nordjylland;Østjyllands Storkreds;Ø;Rasmus Bøgh Vinther
Midtjylland-Nordjylland;Østjyllands Storkreds;Å;Berit Naomi Skjernaa
Midtjylland-Nordjylland;Østjyllands Storkreds;Å;Carsten Borup
Midtjylland-Nordjylland;Østjyllands Storkreds;Å;Helle Wium
Midtjylland-Nordjylland;Østjyllands Storkreds;Å;Line Aaen
Midtjylland-Nordjylland;Østjyllands Storkreds;Å;Mads Damgaard Mortensen
Midtjylland-Nordjylland;Østjyllands Storkreds;Å;Mira Issa Bloch
Midtjylland-Nordjylland;Østjyllands Storkreds;Å;Nikoline Erbs Hillers-Bendtsen
Midtjylland-Nordjylland;Østjyllands Storkreds;Å;Sarah Roued Thomsen
Midtjylland-Nordjylland;Østjyllands Storkreds;Å;Thomas Due Nielsen
Midtjylland-Nordjylland;Østjyllands Storkreds;Å;Thor Clasen Jonasen
Midtjylland-Nordjylland;Østjyllands Storkreds;Å;Torsten Gejl
Midtjylland-Nordjylland;Østjyllands Storkreds;Å;Vinni Kjærgaard Jørgensen
Midtjylland-Nordjylland;Vestjyllands Storkreds;A;Anders Andreasen
Midtjylland-Nordjylland;Vestjyllands Storkreds;A;Anne Paulin
Midtjylland-Nordjylland;Vestjyllands Storkreds;A;Annette Lind
Midtjylland-Nordjylland;Vestjyllands Storkreds;A;Karin Gaardsted
Midtjylland-Nordjylland;Vestjyllands Storkreds;A;Lars Fibæk
Midtjylland-Nordjylland;Vestjyllands Storkreds;A;Mette Nielsen
Midtjylland-Nordjylland;Vestjyllands Storkreds;A;Mogens Jensen
Midtjylland-Nordjylland;Vestjyllands Storkreds;A;Per Kamp Stefansen
Midtjylland-Nordjylland;Vestjyllands Storkreds;A;Peter Kempf Pedersen
Midtjylland-Nordjylland;Vestjyllands Storkreds;A;Thomas Jensen
Midtjylland-Nordjylland;Vestjyllands Storkreds;A;Tina Mortensen
Midtjylland-Nordjylland;Vestjyllands Storkreds;B;Johan Brødsgaard
Midtjylland-Nordjylland;Vestjyllands Storkreds;B;Josefine Schlosser
Midtjylland-Nordjylland;Vestjyllands Storkreds;B;Kathrine Olldag
Midtjylland-Nordjylland;Vestjyllands Storkreds;B;Keld Marstrand Wang
Midtjylland-Nordjylland;Vestjyllands Storkreds;B;Michael Flarup
Midtjylland-Nordjylland;Vestjyllands Storkreds;B;Signe Driefer
Midtjylland-Nordjylland;Vestjyllands Storkreds;C;Bitten Kvist Jakobsen
Midtjylland-Nordjylland;Vestjyllands Storkreds;C;Dina Raabjerg
Midtjylland-Nordjylland;Vestjyllands Storkreds;C;Gitte Willumsen
Midtjylland-Nordjylland;Vestjyllands Storkreds;C;Lennart Qvist
Midtjylland-Nordjylland;Vestjyllands Storkreds;C;Lise Bertelsen
Midtjylland-Nordjylland;Vestjyllands Storkreds;C;Michael Norup
Midtjylland-Nordjylland;Vestjyllands Storkreds;C;Mogens Birkelund
Midtjylland-Nordjylland;Vestjyllands Storkreds;C;Ole Gade
Midtjylland-Nordjylland;Vestjyllands Storkreds;C;Siff Tang Lassen
Midtjylland-Nordjylland;Vestjyllands Storkreds;C;Søren Pape Poulsen
Midtjylland-Nordjylland;Vestjyllands Storkreds;C;Trine Trærup Roungkvist
Midtjylland-Nordjylland;Vestjyllands Storkreds;D;Allan Berg
Midtjylland-Nordjylland;Vestjyllands Storkreds;D;Hans Rytter
Midtjylland-Nordjylland;Vestjyllands Storkreds;D;Knud Nielsen
Midtjylland-Nordjylland;Vestjyllands Storkreds;D;Mogens Aaby
Midtjylland-Nordjylland;Vestjyllands Storkreds;D;Tenna Røberg
Midtjylland-Nordjylland;Vestjyllands Storkreds;F;Anders Bøge
Midtjylland-Nordjylland;Vestjyllands Storkreds;F;Bente Refslund
Midtjylland-Nordjylland;Vestjyllands Storkreds;F;Emma Thorup Jacobsen
Midtjylland-Nordjylland;Vestjyllands Storkreds;F;Karsten Filsø
Midtjylland-Nordjylland;Vestjyllands Storkreds;F;Meritta Bjerregaard
Midtjylland-Nordjylland;Vestjyllands Storkreds;F;Niels Kristian Larsen
Midtjylland-Nordjylland;Vestjyllands Storkreds;F;Signe Munk
Midtjylland-Nordjylland;Vestjyllands Storkreds;I;Carsten Bach
Midtjylland-Nordjylland;Vestjyllands Storkreds;I;Frederik Jacobsen
Midtjylland-Nordjylland;Vestjyllands Storkreds;I;Helle Jensen
Midtjylland-Nordjylland;Vestjyllands Storkreds;I;Kennet R. Kolby
Midtjylland-Nordjylland;Vestjyllands Storkreds;I;Lene Foged
Midtjylland-Nordjylland;Vestjyllands Storkreds;I;Mikkel Rentzø
Midtjylland-Nordjylland;Vestjyllands Storkreds;I;Ragnar Dixen
Midtjylland-Nordjylland;Vestjyllands Storkreds;I;Steffen Troldtoft
Midtjylland-Nordjylland;Vestjyllands Storkreds;I;Svend Stein Olsen
Midtjylland-Nordjylland;Vestjyllands Storkreds;I;Thorbjørn Jacobsen
Midtjylland-Nordjylland;Vestjyllands Storkreds;K;Børge Rostgaard Winkel
Midtjylland-Nordjylland;Vestjyllands Storkreds;K;Inge Jensen
Midtjylland-Nordjylland;Vestjyllands Storkreds;K;Jens Kr. Mølby Nielsen
Midtjylland-Nordjylland;Vestjyllands Storkreds;K;Jonas Røjkjær Laustsen
Midtjylland-Nordjylland;Vestjyllands Storkreds;K;Karen-Margrethe Lysholm
Midtjylland-Nordjylland;Vestjyllands Storkreds;K;Marcus Sommerbirk
Midtjylland-Nordjylland;Vestjyllands Storkreds;K;Marianne Karlsmose
Midtjylland-Nordjylland;Vestjyllands Storkreds;K;Per Asp
Midtjylland-Nordjylland;Vestjyllands Storkreds;K;Steffen Markussen
Midtjylland-Nordjylland;Vestjyllands Storkreds;M;Freya Luna Andersen
Midtjylland-Nordjylland;Vestjyllands Storkreds;M;Jeppe Søe
Midtjylland-Nordjylland;Vestjyllands Storkreds;M;Nikolaj Gam-Pedersen
Midtjylland-Nordjylland;Vestjyllands Storkreds;O;Erling Præstekjær
Midtjylland-Nordjylland;Vestjyllands Storkreds;O;Jakob Kjærsgaard
Midtjylland-Nordjylland;Vestjyllands Storkreds;O;Kuno F. Danielsen
Midtjylland-Nordjylland;Vestjyllands Storkreds;O;Lone Langballe
Midtjylland-Nordjylland;Vestjyllands Storkreds;O;Majbritt Birkholm
Midtjylland-Nordjylland;Vestjyllands Storkreds;O;Mikael Jensen
Midtjylland-Nordjylland;Vestjyllands Storkreds;Q;Ida Lund-Larsen
Midtjylland-Nordjylland;Vestjyllands Storkreds;Q;Rishi Balachandran
Midtjylland-Nordjylland;Vestjyllands Storkreds;Uden for partier;Karen Predbjørn Klarbæk
Midtjylland-Nordjylland;Vestjyllands Storkreds;V;Carsten Kissmeyer
Midtjylland-Nordjylland;Vestjyllands Storkreds;V;Ib Bjerregaard
Midtjylland-Nordjylland;Vestjyllands Storkreds;V;Jacob Vestergaard
Midtjylland-Nordjylland;Vestjyllands Storkreds;V;Jarl Matthiesen
Midtjylland-Nordjylland;Vestjyllands Storkreds;V;Kenneth Mikkelsen
Midtjylland-Nordjylland;Vestjyllands Storkreds;V;Kristian Pihl Lorentzen
Midtjylland-Nordjylland;Vestjyllands Storkreds;V;Lone Kastberg
Midtjylland-Nordjylland;Vestjyllands Storkreds;V;Mads Fuglede
Midtjylland-Nordjylland;Vestjyllands Storkreds;V;Søren Gade
Midtjylland-Nordjylland;Vestjyllands Storkreds;V;Thomas Danielsen
Midtjylland-Nordjylland;Vestjyllands Storkreds;V;Ulrich Fredberg
Midtjylland-Nordjylland;Vestjyllands Storkreds;Æ;Betina Kastbjerg
Midtjylland-Nordjylland;Vestjyllands Storkreds;Æ;Dennis Flydtkjær
Midtjylland-Nordjylland;Vestjyllands Storkreds;Æ;Morten Vehl
Midtjylland-Nordjylland;Vestjyllands Storkreds;Æ;Vivi Altenburg
Midtjylland-Nordjylland;Vestjyllands Storkreds;Ø;Aksel Rosager Johansen
Midtjylland-Nordjylland;Vestjyllands Storkreds;Ø;Charlotte Lindberg
Midtjylland-Nordjylland;Vestjyllands Storkreds;Ø;Christian I. Jacobsen
Midtjylland-Nordjylland;Vestjyllands Storkreds;Ø;Frederik Madsen
Midtjylland-Nordjylland;Vestjyllands Storkreds;Ø;Lars Dohn
Midtjylland-Nordjylland;Vestjyllands Storkreds;Ø;Maria Temponeras
Midtjylland-Nordjylland;Vestjyllands Storkreds;Ø;Per Møller Jacobsen
Midtjylland-Nordjylland;Vestjyllands Storkreds;Ø;Peter Sig Kristensen
Midtjylland-Nordjylland;Vestjyllands Storkreds;Ø;Sabrina Christiansen Broch
Midtjylland-Nordjylland;Vestjyllands Storkreds;Å;Didde Krabbe Johannesen
Midtjylland-Nordjylland;Vestjyllands Storkreds;Å;Dorte Fløjgaard
Midtjylland-Nordjylland;Vestjyllands Storkreds;Å;H.C. Molbech
Midtjylland-Nordjylland;Vestjyllands Storkreds;Å;Jørn Grønkjær
Midtjylland-Nordjylland;Vestjyllands Storkreds;Å;Kirsten Hindbo
Midtjylland-Nordjylland;Vestjyllands Storkreds;Å;Lars Holstein
Midtjylland-Nordjylland;Vestjyllands Storkreds;Å;Rasmus Foged
Midtjylland-Nordjylland;Vestjyllands Storkreds;Å;Stine Isaksen
Midtjylland-Nordjylland;Nordjyllands Storkreds;A;Ane Halsboe-Jørgensen
Midtjylland-Nordjylland;Nordjyllands Storkreds;A;Bjarne Laustsen
Midtjylland-Nordjylland;Nordjyllands Storkreds;A;Flemming Møller Mortensen
Midtjylland-Nordjylland;Nordjyllands Storkreds;A;Mette Frederiksen
Midtjylland-Nordjylland;Nordjyllands Storkreds;A;Morten Klessen
Midtjylland-Nordjylland;Nordjyllands Storkreds;A;Morten Ryom
Midtjylland-Nordjylland;Nordjyllands Storkreds;A;Per Husted
Midtjylland-Nordjylland;Nordjyllands Storkreds;A;Rasmus Prehn
Midtjylland-Nordjylland;Nordjyllands Storkreds;A;Simon Kollerup
Midtjylland-Nordjylland;Nordjyllands Storkreds;B;Bjarne Axelsen
Midtjylland-Nordjylland;Nordjyllands Storkreds;B;Charlotte Amdi Burgess
Midtjylland-Nordjylland;Nordjyllands Storkreds;B;Christian Friis Bach
Midtjylland-Nordjylland;Nordjyllands Storkreds;B;Daniel Nyboe Andersen
Midtjylland-Nordjylland;Nordjyllands Storkreds;B;Dorthe Kerschus
Midtjylland-Nordjylland;Nordjyllands Storkreds;B;Julius Bjørn Honoré
Midtjylland-Nordjylland;Nordjyllands Storkreds;B;Pia Elberg
Midtjylland-Nordjylland;Nordjyllands Storkreds;B;Steffen Holme Helledie
Midtjylland-Nordjylland;Nordjyllands Storkreds;C;Alexander Klitgaard
Midtjylland-Nordjylland;Nordjyllands Storkreds;C;Jakob Axel Nielsen
Midtjylland-Nordjylland;Nordjyllands Storkreds;C;Jens-Henrik Kirk
Midtjylland-Nordjylland;Nordjyllands Storkreds;C;Karsten Skov Petersen
Midtjylland-Nordjylland;Nordjyllands Storkreds;C;Lene Brix Kjelgaard Jensen
Midtjylland-Nordjylland;Nordjyllands Storkreds;C;Lene Burchardt
Midtjylland-Nordjylland;Nordjyllands Storkreds;C;Mette Jensen
Midtjylland-Nordjylland;Nordjyllands Storkreds;C;Mia Tang
Midtjylland-Nordjylland;Nordjyllands Storkreds;C;Mikkel Højsleth
Midtjylland-Nordjylland;Nordjyllands Storkreds;C;Per Larsen
Midtjylland-Nordjylland;Nordjyllands Storkreds;D;Brian Nielsen
Midtjylland-Nordjylland;Nordjyllands Storkreds;D;John Bjerg
Midtjylland-Nordjylland;Nordjyllands Storkreds;D;Kim Edberg Andersen
Midtjylland-Nordjylland;Nordjyllands Storkreds;D;Lars Rem
Midtjylland-Nordjylland;Nordjyllands Storkreds;D;Sysser Nørholm
Midtjylland-Nordjylland;Nordjyllands Storkreds;F;Benjamin Jørgensen
Midtjylland-Nordjylland;Nordjyllands Storkreds;F;Dorte M. Nielsen
Midtjylland-Nordjylland;Nordjyllands Storkreds;F;Henning Jørgensen
Midtjylland-Nordjylland;Nordjyllands Storkreds;F;Lasse Hjorthøj Jensen
Midtjylland-Nordjylland;Nordjyllands Storkreds;F;Melina Andersen
Midtjylland-Nordjylland;Nordjyllands Storkreds;F;Peder Larsen
Midtjylland-Nordjylland;Nordjyllands Storkreds;F;Theresa Berg Andersen
Midtjylland-Nordjylland;Nordjyllands Storkreds;F;Thomas Kjeldsen
Midtjylland-Nordjylland;Nordjyllands Storkreds;F;Thorkil Olesen
Midtjylland-Nordjylland;Nordjyllands Storkreds;I;Agnethe Benedikt Mørch
Midtjylland-Nordjylland;Nordjyllands Storkreds;I;Bo Ritterbusch
Midtjylland-Nordjylland;Nordjyllands Storkreds;I;Hans-Henning Terp-Hansen
Midtjylland-Nordjylland;Nordjyllands Storkreds;I;HP Beck
Midtjylland-Nordjylland;Nordjyllands Storkreds;I;Jonas Jensen
Midtjylland-Nordjylland;Nordjyllands Storkreds;I;Kenneth Skatka Hammer
Midtjylland-Nordjylland;Nordjyllands Storkreds;I;Martin Bech
Midtjylland-Nordjylland;Nordjyllands Storkreds;I;Michel Thrysøe
Midtjylland-Nordjylland;Nordjyllands Storkreds;I;Ronny Van Tieu
Midtjylland-Nordjylland;Nordjyllands Storkreds;I;Sólbjørg Jakobsen
Midtjylland-Nordjylland;Nordjyllands Storkreds;I;Victor Horsted
Midtjylland-Nordjylland;Nordjyllands Storkreds;K;Anne-Marie Jørgensen
Midtjylland-Nordjylland;Nordjyllands Storkreds;K;Britta Eckhardt
Midtjylland-Nordjylland;Nordjyllands Storkreds;K;Jørgen Bjerregaard
Midtjylland-Nordjylland;Nordjyllands Storkreds;K;Karlo Brondbjerg
Midtjylland-Nordjylland;Nordjyllands Storkreds;K;Peter Scheining
Midtjylland-Nordjylland;Nordjyllands Storkreds;M;Dina Mofidi
Midtjylland-Nordjylland;Nordjyllands Storkreds;M;Kristian Klarskov
Midtjylland-Nordjylland;Nordjyllands Storkreds;M;Mohammad Rona
Midtjylland-Nordjylland;Nordjyllands Storkreds;M;Rikke Pedersen
Midtjylland-Nordjylland;Nordjyllands Storkreds;O;Carsten Ullmann Andersen
Midtjylland-Nordjylland;Nordjyllands Storkreds;O;Christian Langballe
Midtjylland-Nordjylland;Nordjyllands Storkreds;O;Kasper Sørmer-Sørensen
Midtjylland-Nordjylland;Nordjyllands Storkreds;O;Nana Harring
Midtjylland-Nordjylland;Nordjyllands Storkreds;O;Per Michael Hauritz
Midtjylland-Nordjylland;Nordjyllands Storkreds;Q;Ayan Farah
Midtjylland-Nordjylland;Nordjyllands Storkreds;Q;Esra Ocak
Midtjylland-Nordjylland;Nordjyllands Storkreds;Q;Susanne Zimmer
Midtjylland-Nordjylland;Nordjyllands Storkreds;Uden for partier;Jette Møller
Midtjylland-Nordjylland;Nordjyllands Storkreds;V;Anita Vivi Lilholt
Midtjylland-Nordjylland;Nordjyllands Storkreds;V;Anne Honoré Østergaard
Midtjylland-Nordjylland;Nordjyllands Storkreds;V;Henrik Buchhave
Midtjylland-Nordjylland;Nordjyllands Storkreds;V;Maja Torp
Midtjylland-Nordjylland;Nordjyllands Storkreds;V;Marie Bjerre
Midtjylland-Nordjylland;Nordjyllands Storkreds;V;Mette Hardam
Midtjylland-Nordjylland;Nordjyllands Storkreds;V;Phillip Sperling
Midtjylland-Nordjylland;Nordjyllands Storkreds;V;Preben Bang Henriksen
Midtjylland-Nordjylland;Nordjyllands Storkreds;V;Torsten Schack Pedersen
Midtjylland-Nordjylland;Nordjyllands Storkreds;Æ;Inger Støjberg
Midtjylland-Nordjylland;Nordjyllands Storkreds;Æ;Kristian Bøgsted
Midtjylland-Nordjylland;Nordjyllands Storkreds;Æ;Lise Bech
Midtjylland-Nordjylland;Nordjyllands Storkreds;Æ;Peter Lindholt
Midtjylland-Nordjylland;Nordjyllands Storkreds;Ø;Astrid Vang Hansen
Midtjylland-Nordjylland;Nordjyllands Storkreds;Ø;Berit Raldin
Midtjylland-Nordjylland;Nordjyllands Storkreds;Ø;Janne Toft-Lind
Midtjylland-Nordjylland;Nordjyllands Storkreds;Ø;Malene Ingwersen
Midtjylland-Nordjylland;Nordjyllands Storkreds;Ø;Peder Hvelplund
Midtjylland-Nordjylland;Nordjyllands Storkreds;Ø;Pia Thorsen
Midtjylland-Nordjylland;Nordjyllands Storkreds;Ø;Runa Friis Hansen
Midtjylland-Nordjylland;Nordjyllands Storkreds;Ø;Stine Ry Andersen
Midtjylland-Nordjylland;Nordjyllands Storkreds;Ø;Susanne Flydtkjær
Midtjylland-Nordjylland;Nordjyllands Storkreds;Å;Anette Jensen Smith
Midtjylland-Nordjylland;Nordjyllands Storkreds;Å;Clara Wolf
Midtjylland-Nordjylland;Nordjyllands Storkreds;Å;Gustav Sieg Sørensen
Midtjylland-Nordjylland;Nordjyllands Storkreds;Å;Jef Seistrup
Midtjylland-Nordjylland;Nordjyllands Storkreds;Å;Jens Harder
Midtjylland-Nordjylland;Nordjyllands Storkreds;Å;Joachim Plaetner Kjeldsen
Midtjylland-Nordjylland;Nordjyllands Storkreds;Å;Liselotte Jakobe Lundgaard
Midtjylland-Nordjylland;Nordjyllands Storkreds;Å;Mark Andrew Jewkes
Midtjylland-Nordjylland;Nordjyllands Storkreds;Å;Mikkel Larsson
Midtjylland-Nordjylland;Nordjyllands Storkreds;Å;Nicklas Gjedsig
Midtjylland-Nordjylland;Nordjyllands Storkreds;Å;Theresa Scavenius
